Grasp 1,Grasp 2,Grasp 3,Grasp 4,Grasp 5,Grasp 6
0.7846938775510204,0.8326530612244898,0.8357142857142857,0.8551020408163266,0.8081632653061225,0.7785714285714286
0.8224489795918367,0.8173469387755102,0.8204081632653061,0.823469387755102,0.8244897959183674,0.7969387755102041
0.8428571428571429,0.7816326530612245,0.7969387755102041,0.8571428571428571,0.7765306122448979,0.8040816326530612
0.753061224489796,0.786734693877551,0.6938775510204082,0.6795918367346939,0.7346938775510204,0.7785714285714286
0.813265306122449,0.8275510204081633,0.8591836734693877,0.8010204081632653,0.8571428571428571,0.8173469387755102
0.8032653061224491,0.8091836734693878,0.8012244897959183,0.8032653061224491,0.8002040816326531,0.7951020408163265
